Country Name,Country Code,2000 [YR2000],2001 [YR2001],2002 [YR2002],2003 [YR2003],2004 [YR2004],2005 [YR2005],2006 [YR2006],2007 [YR2007],2008 [YR2008],2009 [YR2009],2010 [YR2010],2011 [YR2011],2012 [YR2012],2013 [YR2013],2014 [YR2014],2015 [YR2015]
Afghanistan,AFG,19405378545.908775,18058863647.682747,27826952406.991886,31154640993.299946,33429697358.612347,38962756663.39637,43987204863.85201,54254420429.86455,57577662614.19342,71201623266.04796,84001197531.74086,87955134853.62183,103340600263.8955,111941526352.9936,117790233452.76149,119850481007.65819
Albania,ALB,20298803718.527294,22569518835.412952,24286332125.110245,27782229972.268936,31988464779.566933,36098176546.91146,40813579161.87861,46176476547.65633,54053739445.47762,55195560989.77244,58095237897.61868,62197957265.168045,62967491251.92531,65933832273.354065,67940814307.54755,66698030637.81332
Algeria,DZA,400755050980.0122,427217571316.4586,451647183262.4906,500640440171.56396,553094308829.4615,608569806674.2438,655173468072.7786,728167503646.6342,813892778977.4783,800918761274.9756,875343338815.2626,947181124066.206,983173607143.917,1007089717954.776,1046389527948.2947,949421576871.1686
American Samoa,ASM,56279.52455601358,56211.78518572362,512065592.30647486,524065587.03618705,509065131.2157894,500064799.428988,493064612.4319249,518064848.7431726,560065439.2843617,675067232.8076278,573065110.3028535,570064745.5039974,640065716.3288887,638065273.3753417,643064950.5132564,673065076.9170643
Andorra,AND,1432694108.1241436,1548356240.592648,1764374476.82187,2367051403.5322123,2900364044.185942,3161204692.9629807,3459464377.8305264,3957758205.9375725,4102454020.817668,3689104364.3603134,3450044055.418237,3629258701.5495296,3188769941.2109427,3193630011.1471176,3271803131.99401,2789991489.7440224
Angola,AGO,70858482738.00775,73857347127.82195,94244967658.1378,102949558547.94794,124367963590.14229,160160808771.30322,194858022354.16397,242157187413.77933,294349237049.00397,294126097860.3311,327273706016.6911,380196116754.15485,442095294347.3723,485636700554.0484,519816884199.6533,440463717130.1634
Antigua and Barbuda,ATG,3118349671.0656595,3002781671.2014847,3095886290.6480145,3320161874.06544,3635944516.4049892,4075183053.5017357,4692275607.895366,5257427424.847523,5429576970.855801,4858959717.74426,4527631436.2003975,4502092896.07494,4479952348.315674,4476929661.31666,4580567403.461325,4572745803.273474
Argentina,ARG,1127614594663.74,1088890671604.0271,757290694326.556,834418068747.0963,881512998144.6289,964953882523.8857,1138523949470.1243,1310009722023.002,1481864408156.7705,1424580401940.8274,1642352858894.84,1892224568781.5002,1983835005643.654,2077782347067.7524,2033427851475.3945,2176568336023.7917
Armenia,ARM,13371423249.890078,15132087832.662495,17424181255.690353,20337850453.70084,23846066623.309032,28627469980.725304,34583905374.97203,44007654235.81358,51589230860.084366,45203498487.94838,48486529731.85318,52140902377.59005,57914456591.56913,62429294389.370705,63298041122.797714,62023979751.409546
Aruba,ABW,6438857391.1633215,6622607431.454768,6504926676.005088,6994837017.458254,7767247904.992216,7069941201.772993,8326249121.878725,8293124679.462904,9389446332.938084,8469421407.871831,8107517816.301026,8360855442.413619,8573696761.277826,9062929653.158978,9168996845.883476,9432200841.554241
Australia,AUS,1317021570718.9817,1303677597978.5713,1348431434978.0945,1486723819160.8867,1756402424425.6301,1926724987855.7783,2167212444958.9124,2380636387583.7,2757475848104.5757,2743762792121.1846,3035374250353.1904,3440668119797.858,3875911081453.3335,4147964753838.8853,4101170305486.4854,3886396558405.7983
Austria,AUT,651161898362.2784,640282892201.9331,673048072112.1715,758219866592.508,861826343012.1688,1003880276759.5403,1007300487343.2819,1164467814523.0227,1216280125192.908,1169543207589.1104,1148970759632.6514,1270456090603.666,1242914341087.6882,1279039054313.857,1291283657974.7964,1221083737789.7646
Azerbaijan,AZE,38811170299.22849,43312354378.04769,48040507378.8716,54805007880.504196,61759351276.188805,80703840566.71426,115167939671.86597,156437450616.64337,194602659662.53647,211229687779.96185,238144723698.15695,256090691211.85992,287570607318.4892,312814118818.567,327810454039.43744,275520520568.26465
"Bahamas, The",BHS,24093946368.71285,24988215412.434032,26278626981.474537,26696323206.46016,27869635862.827587,29858208054.66616,30992790271.763462,32184254744.175735,32303608530.578518,30786872525.831635,31040941184.293816,31327701576.234833,32610376803.528214,31730280887.175213,32946082331.87382,34052429326.8814
Bahrain,BHR,46463408805.41319,48329373281.03079,49807522766.56206,56160163102.25323,63882022147.8382,73970473230.50494,83313266682.61699,95831012666.4983,105901284160.91225,96164324836.5898,107901317072.66376,111833358425.15329,130778646791.34566,137142577629.21951,138266678123.05698,132790393446.72336
Bangladesh,BGD,333750554439.0076,350212753730.0251,367585361330.5614,395387546678.68085,430123980973.6657,467843171560.5661,509543760406.5315,560086523605.8976,617451676489.302,664662783656.7911,720847591470.5328,789068932339.4867,879932469151.1395,958550327450.5056,1042051122827.44,1133182614869.3518
Barbados,BRB,9856005450.443167,9798992437.831314,9947504498.38425,10386476852.567232,11131925790.098804,12157091718.831717,13069777106.810743,14307560942.486046,14669486975.429893,14112054089.00757,15260304631.239641,15644960817.748692,15307451286.898186,15414657188.54902,15256186934.209415,15456008246.792639
Belarus,BLR,86742163172.64473,89841721294.57193,97419603758.54425,109804575809.22462,131403643980.13712,156093515475.7605,182642833565.7392,215828391374.02917,258803322386.7637,257502654720.31366,286657491423.88275,311030528863.7739,329714529501.24915,355180405478.773,365565865644.3191,323083395382.2568
Belgium,BEL,884369411808.2323,894652749089.4928,835881435279.1143,967522554506.575,1088022504319.9025,1168600466792.654,1259468936293.5344,1408156997530.1428,1659028888218.5093,1444189831770.2888,1506442417300.3145,1625361202477.5576,1546689274487.4973,1549263873020.4307,1593337642542.1824,1515895921520.2812
Belize,BLZ,4594606321.461587,4862370323.632721,5254194745.002976,5842445847.390396,6050084078.032049,6378715100.477614,6785730123.294369,7098804296.902029,7369933947.919433,7537747661.027405,7559449158.561724,7815789606.371504,7811879392.565074,8278451350.118498,8537275333.834998,8830080085.851992
Benin,BEN,20284545770.422653,22019489670.14241,23640957773.104626,26040225702.139233,29282866698.31565,31344568087.66075,32863958629.31738,36477680598.54704,40845840584.75377,42412604253.74193,43336876901.41872,46144812154.38949,49090207846.73135,54759581098.6144,59694380955.17801,58361676644.22756
Bermuda,BMU,3494237424.5646615,3703404804.088357,3959753984.2993245,4212654999.9566436,4515537676.781469,4899576880.421978,6427641063.932291,7049971673.26535,7493981731.793097,6879709015.456665,18300384705.072212,17386903354.592754,17919083944.069996,18106734919.44303,18013709792.745922,18346755733.023933
Bhutan,BTN,2952113063.041452,3281785401.3395424,3737145808.9364424,4219221004.941077,4701822655.909803,5305241456.091845,5918356594.3157835,7104765205.59472,7374264308.0867815,7854404009.143835,9064447882.671518,10169021770.71808,11086546764.739513,11428357224.125599,12437426436.03386,13456208555.39216
Bolivia,BOL,50760961834.82608,50441799419.215775,51550757371.601,53635904171.02817,57297935070.723366,62255950750.64582,67578101600.22157,72147927147.84741,82697063613.1574,86652111889.5761,92997742494.57593,104175916481.05652,115158886563.06511,132255265339.78548,144912219417.85742,151411916435.67612
Bosnia and Herzegovina,BIH,32780001552.262512,33906659050.07463,37297353865.5218,42234448369.96696,50618318993.57718,55294366518.00247,63309493287.77728,74081493318.62917,85305973445.82321,85265224631.39722,85223222159.22873,86262552959.73077,85819189893.4513,90368427290.06699,90342342714.41713,88271191499.43495
Botswana,BWA,26028775182.824074,27251890516.853634,25833586705.306015,30621507126.752914,33472028344.294544,38259413713.99241,42304943663.690475,46049493370.01609,46839178606.44072,44153874770.191,49862499816.198586,58614837660.01663,57936378207.249214,58936087782.61311,64948275570.23651,59669277835.44448
Brazil,BRA,3125032281059.7974,2969912351872.199,2960301282823.628,3052614247162.957,3382475624920.993,3814810511929.382,4382770559953.4326,5169569131345.726,5945407071041.979,6074229893540.144,7189963225535.47,8120852178115.407,8280376176895.724,8621842974354.887,8600127459142.476,7367420174386.549
British Virgin Islands,VGB,36367418274.61031,30073110850.368744,14166030735.985815,14942362397.533932,10901004148.674864,18345065053.892967,29888797823.370384,49765617787.41269,46385633572.521126,37173229734.97207,49310858835.37228,53802154166.06065,53936004031.09336,69362574467.38136,77965903021.71162,60908480864.60475
Brunei Darussalam,BRN,36757573071.09767,37272371762.92122,39004324039.690994,41747471083.07758,45220874468.05123,49399959018.27641,55672240014.952576,57461320239.72285,60719337489.09476,56152421355.44584,58084349306.369484,64560753038.17905,69634764096.09888,69494408268.32591,68575812766.14286,56859391797.70139
Bulgaria,BGR,78040352522.07332,84270564669.70934,94176330201.71506,106149239155.87344,121823689892.41965,138176205410.62152,151953970515.74393,171471864878.72675,203570418727.2256,204409068777.76093,211582972171.33054,223822023499.36844,227282097915.88666,229843457611.31308,239605755858.70605,232042904567.10812
Burkina Faso,BFA,18284801208.777927,19676523744.6552,20825458427.49386,24066184882.66949,26947660642.416996,30566528929.86586,32405744770.987385,35727349275.72568,41140880476.715485,43647597633.25632,47903731954.67528,53628488961.194916,58591303036.349945,64119421313.91997,66838126848.44174,67684327750.94144
Burundi,BDI,6266889930.883791,6278987854.504105,6586252597.421384,6630084440.969174,7079391219.602726,7536720049.268782,8356040648.232137,8929281925.10519,9691751347.269537,9422720743.619776,10285736656.31516,11022572521.873575,11743287583.21112,12807982299.716316,13826399160.050268,15226318504.190786
Cabo Verde,CPV,2848040276.0203395,2963748227.040134,3137135930.970981,3602052618.96516,4140598875.297143,4492904664.134329,4970060535.312145,6321281480.234507,7218694668.426234,7355468374.405975,7509093753.698149,8168026274.360665,8562330441.656014,9164387361.121891,8978432825.760685,8798635975.86563
Cambodia,KHM,24663238882.77982,26921182455.11258,28877167005.819984,32797223747.099815,37170771121.989716,43243150451.989586,49558071786.30938,56190994740.05876,63515441897.57878,67324102869.35012,73284948384.5682,81435642354.46318,92955175872.61911,102972021842.40302,112080963092.76184,122716543468.19183
Cameroon,CMR,61733300839.91286,62801244252.319214,67296745502.526024,77795624297.59715,87976726020.98235,90001520462.1239,92381735282.18028,99404465423.25143,108451220881.30507,113878642309.56163,116575845373.95721,123544034405.72617,127147610064.51945,139615655091.62396,150887145053.944,153135008830.32843
Canada,CAN,2368442709270.947,2406148094002.3335,2478009162718.623,2726033354782.105,3077636004742.1567,3457423971555.219,3829405518432.0054,4187366850509.1978,4463073169287.202,4155391843370.1406,4508460094227.47,4873167674069.812,5111428983695.57,5289698596105.157,5321683291956.745,4914907457275.513
Cayman Islands,CYM,8504649526.431122,5983831952.668654,-6024860633.493746,6184210577.856711,4457355202.232379,5627645825.926625,9798557550.40791,10615338640.4171,14456446787.72345,9249572296.884779,36391497627.99073,42961396243.16129,32986249394.430336,28357811501.14517,27399701011.783504,80834290469.26064
Central African Republic,CAF,5146861933.587839,5325983970.812544,5780626572.668395,5871198654.724704,6464810142.363621,6734118470.425199,7199811603.670002,7810602915.304262,8384718661.606979,8671408529.855839,9233399548.408302,9851323703.48299,10524338770.24884,7290285298.774867,7569856746.698545,7798365386.97877
Chad,TCD,10317372404.174286,11641230330.554129,12849449743.521568,14192690028.969204,20305612970.42391,26245788208.13955,28310732941.89458,32157943146.28372,35178745124.23358,38934536857.484634,44736966048.026405,47110024137.66614,48666960496.36581,48722214520.36848,53280448705.55171,51572904902.6473
Channel Islands,CHI,6439895510.154472,6233098013.295625,6663864522.986669,7332445518.082856,8553852734.208027,8827484626.311296,9676391042.50617,11514836367.57244,157465.21112968723,9100972024.720282,8902286240.511925,9649535092.014433,9455560783.989597,9594383007.501488,10528721493.263342,10110194892.420952
Chile,CHL,300589156456.63794,296413394258.11774,296907799939.39154,314499691997.177,359394222983.5373,414663083912.789,505972118881.17554,572937205052.6597,610051508399.0731,598565286952.2863,697967075575.2532,793009095059.7374,889232000439.922,929031695700.6987,917359431188.6384,908114032847.1495
China,CHN,6184692075805.858,6845540544562.703,7564720759365.793,8570928094777.867,9897121011393.531,11430221364973.438,13459113989305.896,16267752736894.57,19253527492042.88,21543493122296.797,25021467203380.74,29156377775498.78,32932141444425.94,36562487952445.9,40074614681538.91,41589542922812.414
Colombia,COL,486610539416.34863,497298738406.4053,508562954102.0909,524869955102.7862,582926296848.7937,661900596960.2073,733524265596.2714,847666300019.3689,936999083845.7775,965317896622.052,1079903595910.9886,1215648612390.3591,1317061940212.4011,1421931328308.8354,1479792207032.1206,1378044699035.6436
Comoros,COM,1954845627.0011063,2032053731.3739145,2143162038.6122441,2398210123.329372,2657273896.9367046,2832415793.457434,2997085823.441302,3178642350.7921705,3462359146.670594,3595419430.7770953,3691909360.8517466,3943913281.751482,4118763721.789805,4336503679.573693,4517476794.148576,4324889549.823321
"Congo, Dem. Rep.",COD,57908112938.28175,45839153532.410324,49783553709.268684,52209060076.270706,57256789078.31774,61220550147.89504,68704174078.579704,76695293096.58861,84471026108.7993,87828063681.5769,87469798970.2642,97108752794.4654,105607983178.48967,118516606599.54417,132907897117.68225,144221296595.761
"Congo, Rep.",COG,17904037345.00401,18419709383.69507,19871380646.952213,21526263815.30709,24407049698.22245,29352603778.632183,35734184375.45983,34839565989.16073,41512942682.30241,44011970996.78851,49640903888.94534,52392311385.66875,64503128739.29664,68505062949.47083,72823621631.61674,59422797017.66771
Costa Rica,CRI,63712598201.92165,67226202895.75258,70286447992.77872,75033511840.91322,80895884860.76479,87390477741.61525,97474905015.6796,111531196148.33127,123015206257.39194,121976368180.21625,136626036918.1039,151872384676.60382,171625395051.33954,185620783148.1847,197127038917.08887,213564924437.96753
Cote d'Ivoire,CIV,71366266249.70407,70624753568.68579,72225597784.59514,76393952520.89926,85597065300.01067,92715669211.5735,98089499883.75604,105090051943.70027,115371617895.7602,121662314739.90575,124530126813.24066,122178884575.94237,128536102979.49423,143640216338.04993,203213954253.38644,214164234818.11707
Croatia,HRV,92774661792.3278,95396157977.44267,105764294162.49998,121308852834.28879,141365272575.91663,154410480148.86353,172597729146.4291,196324418421.50333,218124836198.99185,208476528437.13083,202984839586.01746,210831964355.2866,204356342650.5197,212333471065.56302,214269962241.75424,206052711415.31213
Cuba,CUB,59705075299.4695,62458925120.33247,65190915832.559494,70672983504.53154,77453164227.12517,87258925356.65372,98532409222.44144,107719701355.7686,113113233285.59578,114874693680.07957,117927544113.30048,132217439872.84126,141958082810.89178,152128554997.91602,157994659361.53247,169060258249.08902
Curacao,CUW,2120681523.775763,2143620201.080051,2160956183.6044154,2202290652.4680185,2237336703.8375115,8180390101.422783,8529096663.498895,8968464068.2448,9406147241.274397,9420270563.303387,9702558273.760138,9875714567.496716,9840696470.075745,9774497398.986471,9897840349.44728,9916874543.649948
Cyprus,CYP,33558526893.3762,35567378192.98534,38224243369.44863,44055454436.48448,50822512685.067566,56376681068.14468,61729059790.670944,70127100041.53172,95130530117.83324,142204260909.88022,112542294339.96805,132892017788.53166,154156149214.45337,104468320588.0228,137761669019.89597,113790249479.92856
Czechia,CZE,291116361331.9296,308867940174.69507,330885736672.3072,376792021539.75073,431315208944.02783,483275650853.64276,534037196839.5773,613696122207.2773,710629410296.549,678929574216.2294,690018118822.8286,718261983631.1177,707286872291.3997,729588092735.9636,734001379517.1864,720618707991.3905
Denmark,DNK,516405366793.8171,502763014735.67456,511071683200.16156,572794408620.637,652979440015.6622,740271064062.5194,790563784530.1321,860390169197.838,941104487892.4814,891138978502.3435,907341156964.5452,959032686187.1321,919019095817.4869,982177886787.3427,1005145712390.9745,941581995819.3776
Djibouti,DJI,851654527.2971193,874711899.4790275,952347668.4237839,1023346790.5190161,1131924516.7597857,1201055218.8485374,1341124167.3801153,1663528725.7674298,1850377393.092972,1954517991.6632884,1909729546.8719454,2022497887.1189802,2169419988.2001595,6582377920.480683,7224598433.481686,10564821629.701323
Dominica,DMA,1210860576.2075515,1313354824.5298438,1298867986.9821043,1435249379.6174386,1516791080.115255,1532939394.6651351,1636620194.2088268,1725600725.4257066,1860228335.0657644,1920041944.534068,1962952412.6146939,2000688289.8629403,1987254554.2617779,2181951582.792881,2275372346.2383404,2296771627.8623743
Dominican Republic,DOM,106518828019.85225,111841539749.31412,119906687515.41069,111960535702.21455,115172092539.82573,143279602294.4147,162624794739.2327,186466855841.45682,199403940790.97482,204147637567.50226,226036166939.95612,239896754967.07117,255254537270.64096,268169145879.49072,291094669156.93726,314684181801.4036
Ecuador,ECU,120718655242.00067,133103534501.70067,147098063298.34134,160301611760.50034,178665820051.47586,197533769146.93134,215062053606.96512,228700302463.54272,258608391839.1759,258128589417.98843,281584866221.52264,315804284622.4192,344278651609.4323,384919199243.48865,414085285047.069,396827389997.411
"Egypt, Arab Rep.",EGY,626939419490.5306,652171668453.8572,648953194572.546,662497744900.4452,691265764669.4355,742258611513.5518,828738743511.2252,935673811619.4227,1055039837652.8698,1138912056455.4077,1226231674128.9812,1286759144459.441,1506100830430.9856,1580039463428.5422,1616862615252.1685,1756428918299.5095
El Salvador,SLV,53269703029.665504,55750688979.68959,57975224349.58738,62687654242.02666,65591825360.47285,69798549946.08337,74865513484.05933,78179722759.83423,82776923653.74174,80887205768.02592,84713279896.60141,90880553717.69496,94327643820.7372,98764840119.89569,103578659998.79642,107759934125.38611
Equatorial Guinea,GNQ,5079452795.135795,6087129682.042265,8056943024.874239,8686582116.785227,12713262258.948923,21784382682.715324,34775109323.15188,44644477761.50996,56551205569.39075,48653411932.52483,43996496029.86708,54632778137.682495,62429193967.38747,62733358675.53791,62478392580.40502,47226498621.63918
Eritrea,ERI,5210871088.260503,5810906946.221383,6060020587.980529,6305172227.794463,6947350790.97348,7376260126.802134,7735829642.776502,8174085113.632806,7952529986.8989525,8925429246.000666,8913879934.67853,10224769489.822262,994044495.7064703,946531182.9053242,909935746.4007614,876473359.5846078
Estonia,EST,24270106226.175785,26105696076.63388,29169630278.717133,34990442233.567116,41480627049.719284,49682819241.93032,58647072261.14088,70384971245.73296,74970737871.72835,67023055250.47608,67539276826.99016,73999653802.37048,79737130443.74564,85605152637.6659,90097074925.35196,84767431899.24915
Eswatini,SWZ,8441282996.875524,8661204874.637337,8465107344.430167,9632167840.233688,11087090072.422102,13375454971.500996,13954675649.803375,14926513483.808928,14703632664.313192,15044805264.361467,16691806382.4936,17800443044.452827,18496265172.03525,18713950872.77404,18233290539.35007,17470781401.27462
Ethiopia,ETH,53971872527.5638,57853081190.43212,58959797990.853325,60338307848.09864,68990301520.40239,79764595038.48163,87781345170.03899,104240345416.34248,125370683639.91989,145874746670.75034,160426964686.0971,177980790077.2809,204729670208.2146,227986002072.2262,275995598889.31903,314109187146.0444
Faroe Islands,FRO,1072920801.3297874,1173751960.8344426,1284810187.227032,1507133130.9597144,1730191268.481135,1778161435.8118904,2041190343.7733715,2372484979.8167276,4541622353.600239,4203187147.9156,6709842928.320513,7289254302.262201,7502774049.730297,8095148796.848598,8510015109.12902,8090474956.035204
Fiji,FJI,8508392929.287288,8469389038.127688,9022189037.004843,9860496584.559408,11216454843.140268,12299120611.6932,12466542637.032013,13199654429.840725,14006217276.30684,13743673129.35856,13997895501.090506,15103533897.99213,16210004354.106724,17705563944.493927,20063248117.34449,20707459589.52748
Finland,FIN,429225519359.1217,415857824305.4711,430284341833.57996,472658379257.9613,549680078523.24255,595514444035.5765,628329256132.9847,718866083286.0577,796843126356.7544,717279403772.9739,744209751893.7028,765282446724.936,754864460905.2808,760336090457.5704,774989769217.3882,727757453344.1158
France,FRA,4677779951259.672,4647249081692.073,4764198847876.677,5291596048464.907,6000345907815.1,6549570845261.648,6978369714828.18,7603388589812.406,8190594641373.601,7947479267408.435,7978054099261.526,8365069452494.711,8128737968644.139,8421902864460.396,8533980555373.137,8051739240881.815
French Polynesia,PYF,8262357398.866939,3577963728.894849,4041054777.0425706,4985116539.856744,5619821279.452645,5768065038.14835,5939436027.996877,6700873683.393158,7236478900.65133,6656950387.503157,6195291525.908323,6288143988.008968,5792428454.142694,6143488692.971543,6199453077.101535,5358409191.304229
Gabon,GAB,27785396630.57217,28399146124.2554,29901637825.082386,32165307107.989872,34212699066.370487,40062110949.15731,40772167460.97543,46610337974.54407,48335085098.31203,46948744031.8308,51518386195.35438,58069013047.39727,61884038195.367134,64916257735.642044,69041856347.46422,61960312505.12131
"Gambia, The",GMB,4484547632.903166,4520024313.47468,4293951606.2470646,4487129626.59528,5483685897.531624,5647266328.323963,6022642482.209463,6567866414.379655,7060407157.93342,7516197171.2556095,8024338336.096478,7361863282.926319,7620890958.039054,7589145886.943609,7196593467.630482,7608524924.779334
Georgia,GEO,21170424288.582428,22192791754.692852,23658483508.510452,26886999692.76611,30683093172.2039,35188484141.009125,41417127137.7704,49498251276.70205,59487795946.06945,57743244360.78305,62367983290.87867,71274286926.6159,82818950776.73466,88157984290.46075,93886378542.1391,91954750714.56685
Germany,DEU,6446088177753.629,6403339700075.554,6461764089865.932,7185977588975.731,8087634496958.629,8586425424679.062,9219133644932.48,9996214143272.559,10638721709621.893,10249345653624.922,10528881834995.049,11244278675099.13,11026267577549.398,11436523036296.527,11827402309984.217,11279218975531.016
Ghana,GHA,63066555873.73802,65937135180.19122,70148719410.69374,77006635720.11848,83375950566.32736,93717632683.83267,110100298044.41711,127737922713.95964,151015773102.38712,157486447380.94846,177831299497.95197,207503893711.37903,231174207840.02448,279223606181.9769,281199591356.8968,281967262288.8455
Gibraltar,GIB,36913.433471897566,36964.62370526548,37776.196598032366,38350.93516529495,39053.132304092345,39792.53039098138,40410.62150223022,40800.19098184674,41615.899559465004,42555.10168792352,42853.803503292154,42729.3691866732,43204.31381768014,44134.76911332101,45144.26258061093,33695.24677249874
Greece,GRC,483940946135.3757,503145740464.52124,542000549806.025,630319993031.1567,727457136524.5674,777313068324.9574,854394741685.5642,928221090721.3937,1006611707057.8124,988349354172.0493,908160988515.6172,835692286468.1448,774555200789.3901,767900604102.0007,769851313191.2255,705722339551.6644
Greenland,GRL,3834078791.5517225,3856385268.804343,3918885261.4079328,4364593526.04805,5065914682.566409,5582021505.8913765,5695420717.65263,6495892963.210377,2499603489.414345,2530475541.7096877,2503679090.750668,2684976258.1888714,2610191716.129377,2685461333.928423,2842582753.301362,2499624401.2872276
Grenada,GRD,1928732977.4124653,1941947341.5507214,2146250768.7365785,2355226990.2611732,2426709694.1294565,2834515877.326532,2899343007.6461787,3117504616.6671133,3325902299.219045,3128650697.4951377,3202424549.0435896,3248209480.1348906,3332405379.697726,3508811217.4077725,3687726179.56236,3853570796.965172
Guam,GUM,159587.76149442245,160721.3197422206,3394182761.20458,3569184344.4394855,3869186541.9533296,4213189130.8747826,4238189460.07868,4397190703.050119,4658192709.123418,4828194264.308574,4949194870.161565,4984194961.658534,5265196085.506521,5399196780.342471,5610197556.589687,5799198231.26289
Guatemala,GTM,96160278741.98352,97885560685.79852,103305813152.66153,110183727389.12958,121426220867.85841,132768489556.5461,145462149522.00815,161351011164.2006,176427521290.31406,178015567451.71622,187240990172.58188,202692057872.7461,219114914550.4587,237119883946.58533,257482671957.02756,279709516151.8164
Guinea,GIN,22277827287.20423,22039251138.537178,23158506351.6161,23889114086.683662,25302397942.462147,24640796739.03939,25788751507.95238,29682707339.41736,32103081012.655666,32149639534.08557,33648047194.8585,34945940106.16543,35743557306.73997,37375978470.06873,40017692927.67338,41915565411.14456
Guinea-Bissau,GNB,3070293033.1777544,3073965804.2405095,3266766476.3914733,3521006043.42941,3723647406.5914397,3943970193.108393,4067825081.1423626,4364543563.904821,4805881519.223976,4929068265.029228,5174270505.176473,4852674536.386152,4633052340.571729,4943999747.421825,5278559440.9068165,5939354327.608924
Guyana,GUY,7149457773.8231735,7276516052.691174,7503574659.318729,7711119873.861172,8014092478.15964,8023765858.5332365,10100005473.881826,11458935971.227242,13304937820.980944,14409752512.27048,15375311863.76213,16955139452.190174,18188925027.803295,19258445194.8486,19306765784.37928,18953738182.21055
Haiti,HTI,31143794358.212906,31945738421.72103,33214940270.381493,32873572280.38453,34145649030.58149,36788429990.08092,39604175761.69553,44219425493.42808,48153803470.23077,52077811669.998405,50668411346.3413,54948262157.32574,57040339453.80266,62345203038.77555,64517314077.39387,64206242493.26876
Honduras,HND,35993717506.13953,37189242185.84417,38940032457.511246,41117057152.310265,44742986581.20094,47413930926.44631,50391619108.45012,54842727533.01925,60245709042.59808,61445032816.33674,63971636173.18086,69656272130.38826,73458878518.8707,77371523056.26273,82707002326.64062,89491991610.58563
"Hong Kong SAR, China",HKG,611015893879.3633,564846426424.9457,554306861677.8058,567033786398.3724,636071802912.5121,673516468385.9679,742180550466.6437,824707373096.5673,858002140084.7588,827360732991.9331,916616037720.0369,977136308085.2892,989494993137.6403,1028073434877.0667,1126207171510.3997,1105078467608.817
Hungary,HUN,209297566698.96405,230136538361.38495,262114030054.0374,305081442876.895,348210286618.195,400485470755.4601,421761388583.36365,505314614973.0125,560255549629.7411,461218090973.4742,447931657810.1536,502430177537.5369,488318416564.99084,502151327882.9728,526730059693.00507,499000084984.67554
Iceland,ISL,26457700305.013336,26148706922.502365,27857490083.947353,30810319374.938644,38548772151.95057,49759416438.010895,51107074632.66711,63969570112.754074,42357125461.73393,40530790934.21752,34138561008.581745,39418265138.61141,37541225627.30748,46925375756.72266,49289202868.32242,51767186793.3858
India,IND,3227134477262.991,3423599783627.983,3607005480018.9683,4032708331958.88,4549889332683.07,5122488516441.264,5781446082648.035,6682516067005.644,7007970924426.121,7711439395458.399,8667429402467.906,9448809259613.053,10196398487540.4,10651410943246.96,11269104310670.027,11814740374109.756
Indonesia,IDN,1367659624431.8882,1470508259687.326,1590453668897.5693,1725869662634.7415,1880400042834.5083,2056527660101.3179,2294992817854.7637,2571622716751.6694,2886564186729.8228,3083858572846.536,3575617038130.2847,4030535506618.1084,4411457523630.963,4580041300639.494,4639300928644.205,4607316969262.787
"Iran, Islamic Rep.",IRN,948293826779.041,1003230010712.539,1086241337630.8816,1224400718108.9133,1351716476004.479,1484170039322.804,1650503718858.2122,1921814451719.2417,2053547611976.0786,2126713434016.3044,2348097187152.17,2620589375949.017,2537019750735.5933,2346798568495.951,2273083796202.3237,1998637846516.4521
Iraq,IRQ,343797296941.8439,346302352272.1249,310582679757.09515,203212781386.15607,329325471862.00916,364432840889.8503,416573458302.7525,470682088545.25433,579031011995.7291,593291650274.385,657556323663.5494,753511290546.3552,907221739703.2098,984300667545.1423,943091236823.7225,739009146618.1542
Ireland,IRL,297053022850.075,314393274108.045,354310043421.16064,415860836755.18317,503535937900.58606,636648182927.0276,647635471254.0609,728763339353.9395,736662204536.759,662929546068.5934,611817877348.8062,603817031395.9595,619295894912.5616,681322255439.99,778887619496.7424,971520801092.2579
Isle of Man,IMN,3301254420.604031,3435547532.069252,3755643939.625697,4405887008.570244,5455551969.593615,6168207369.413306,7025218051.528949,8357865966.035254,9509126650.58018,9367510564.521435,11993848464.503927,12880641601.898,13639422092.063305,14378787048.42795,15139064831.855167,14075755999.36423
Israel,ISR,420557950981.6551,425676252298.7934,419557193963.74884,424272968078.7694,459729084404.5341,482173811467.8168,524087658089.55524,574982988126.7969,628828621862.5562,631819380460.8134,701726534977.862,769984446235.9392,781052898728.5526,863429224111.7491,908104891135.3711,922011008132.9954
Italy,ITA,3942181506511.3765,3990455937620.279,4112409351024.2036,4594216323017.647,5168186230782.405,5551601007307.232,5906025837559.785,6441825898798.218,6804806457411.0625,6529436061012.129,6515051473762.216,6793060729145.913,6439923462158.241,6510280022081.371,6527989399462.124,6101771354785.022
Jamaica,JAM,38805622577.56291,40202864768.140785,41340043179.60746,42830281235.45255,45819731456.93001,48125352262.68887,52504118479.41066,57433840619.39513,59397813017.66341,56647844649.892784,61427714868.20065,64279529834.592026,66530109509.157005,65321570461.158,66316809606.75555,66568194341.01018
Japan,JPN,13196573589087.924,12774203093624.844,12424508265829.232,12924570976579.23,13932112675700.152,14359869865669.209,14268368189840.791,14307977403651.096,14907154836040.957,14794270210198.234,16112593769479.451,17186607829183.295,17715507730384.312,16791294359827.336,15916913572891.47,14999427976609.195
Jordan,JOR,59048657459.54252,63450403123.91262,67658476278.40229,71048833234.92671,79257554401.6126,87003230185.78108,97520997245.0861,108971988075.16187,121263538454.58516,130082806604.5778,138431730823.5156,146762338118.7891,153732044873.39786,168319068406.42166,176218293318.24268,186066194606.27335
Kazakhstan,KAZ,158110550915.21185,184681423406.6926,209407727836.24228,239266379542.82617,287282739396.4106,338428811309.68665,431667348082.0863,522594027283.0325,586322513472.9482,599423935807.3527,668172579453.7844,757101211308.7179,835771801463.6403,966483411721.964,977477729626.1559,925063133005.5492
Kenya,KEN,90034155460.91965,92989043269.80202,95040438578.0713,101587425356.60538,110409584564.25894,122278396323.3413,140266981431.181,160685906732.68692,172784225246.5084,172017027753.36563,189301539901.2547,205479312658.88235,226241989588.9863,249821222676.40778,280323505040.87964,308425125531.6772
Kiribati,KIR,423066694.2774937,429753917.04853743,423796005.4912785,425501484.103341,462094126.7304467,496368082.4755265,520763379.11362976,579281691.8529178,601171081.3768225,586282364.7772965,657121342.4768434,699866682.0363913,816694918.6405935,921222658.8041744,1008486279.6511202,1126103856.8727553
"Korea, Dem. People's Rep.",PRK,23849898.97487361,23999335.31895556,24127891.458740592,24274025.574196927,24438557.11596594,24579594.17316855,24707415.78788446,24828767.826111734,24946887.051581465,25060514.080431715,25169054.31132018,25279205.802179884,25392899.6228158,25510204.88769801,25631791.474945817,25754453.179873034
"Korea, Rep.",KOR,1968961089015.601,2049221617063.125,2264505372570.5635,2429457954490.004,2727284857229.3213,3047464247323.867,3379231106570.0815,3754928569188.759,3714417509969.591,3508166094370.0874,3860797193181.837,4106040033886.1865,4308366542116.8247,4506504524478.366,4752749444459.602,4903535623725.523
Kosovo,XKX,73935861.36010505,71404183.03207406,77079618.09039575,84077745.47320229,260125958.69849733,242792482.2973094,212155435.90717703,645922895.4670138,18027756126.218094,19210932430.991085,25868859514.782757,28800380459.54997,29436843587.26668,31070013005.73736,31578094436.30208,31378552644.54773
Kuwait,KWT,211046996242.16452,208117982711.1408,214233714396.289,251400522777.45898,310942073223.8403,379424031812.80554,451302007896.0558,507428362191.30225,561126721714.0188,491826750639.12787,499645247896.3881,578700707519.8981,650992849101.4973,685566733086.2628,656752673625.6654,488461256880.2163
Kyrgyz Republic,KGZ,13277671911.976883,14201494260.2365,14645473556.655954,16347799643.527538,18311500382.10147,18949210071.49265,20979421599.034435,24398605905.861492,28417306274.286285,29622405236.019238,29485123091.183487,33021619789.471325,38494383684.43052,43149024787.594635,46542913449.41145,46035173464.719955
Lao PDR,LAO,15109758114.268274,16147651514.487226,17617081910.208813,17987845549.27419,20357349409.491695,23078904617.810215,25923133325.644344,30544476196.721195,34837315339.47552,38883775021.77334,42337039905.5162,47743668700.69604,55808700893.76315,63429767663.872986,72263330804.34932,79052521904.89899
Latvia,LVA,34774692958.81193,38024131220.845764,41728108488.39867,47382593012.79242,54406770012.074066,64002372056.179535,75111033808.97664,94142578246.44783,106710886072.13844,94419671669.3584,87629308050.3344,93203759370.70337,99005717316.48354,105401140237.94064,109422992032.25323,105772919523.8776
Lebanon,LBN,80170390049.53937,85337450532.63187,93355342115.92834,94111914335.13791,113131382643.61467,118346056261.02316,123029513790.82288,137018689065.05222,169433463491.8647,188887908025.54556,201284839147.38217,210113788352.15054,231355249288.18677,254421046972.10922,266504029119.70038,279330316628.88293
Lesotho,LSO,6105013884.240583,6731260374.508846,6701830093.654139,7433894699.524959,8133978681.094778,8646739381.137598,9106279243.52696,10205082214.610348,10538194318.421055,10187841627.318165,11088075121.812572,11615614028.83189,11857732224.939499,12246346632.895237,12535817033.37436,13160914254.856665
Liberia,LBR,7556630780.616317,6743331740.056912,7967583953.015422,6885829471.513854,7343079826.937388,7840812379.220586,8726565600.61662,9128734104.800997,9354010810.245016,8545966217.975161,8123248747.097093,9422536966.861807,10652610886.035332,12356918104.653107,12923665576.303572,13008945620.240719
Libya,LBY,171722909302.93085,169492277219.77853,161670146349.0032,186003462393.73376,200329735187.32632,243967847274.95404,285520803939.1709,327944827038.31085,362237104478.0461,320813442154.71497,351124783569.9442,187349290333.97495,344122501197.0389,287268429219.56287,230838845501.91983,224949337270.87524
Liechtenstein,LIE,24955733843.80249,14170623162.020346,11757293559.026478,22715615831.01292,8011130686.841831,6611462265.618964,52237995584.908066,42090989190.762215,25620287205.712246,38599238951.00143,34958455973.18611,32154804098.91953,34939263185.97606,7546835448.224994,15997817632.546392,86669150911.78491
Lithuania,LTU,51856038668.4668,56605190752.35511,63141345695.409424,75164255087.51094,86531543643.11128,99498600621.69928,112754764285.51643,134669619045.91699,153710363199.3661,136732860969.5206,138150400451.1087,152608134738.98416,157935204390.67502,170308829227.69315,178691073433.8152,167413880274.82172
Luxembourg,LUX,65164065611.956856,66475736722.2389,88139659032.07649,88271213280.03667,104120245569.02083,121694079207.19888,108231338402.76202,279053862883.90063,189971648825.3695,153619251942.82092,138981829041.87244,124553236957.41109,49436452009.68375,57514612328.19235,253301162032.536,264059899635.94254
"Macao SAR, China",MAC,26737915626.483273,29377482041.458714,32015244777.080692,35827799501.76686,45420705168.214676,50712339230.58167,58768065950.55912,75361725763.0888,76701126338.09827,78534579009.98291,100243502539.79129,124960835826.55946,143091998600.79758,168818085160.86295,176266674819.54663,146767690118.0657
Madagascar,MDG,34187724370.95311,36345705314.39911,33699292811.367287,38973453084.33423,38509049505.265305,40869842071.38162,41464385987.82879,48339043506.56693,55113443513.28417,53601429889.60116,54689874893.061584,57992071883.97661,58993927413.63979,61625412933.40382,63891882212.04515,62914022803.02206
Malawi,MWI,18815676171.41277,18141433541.682564,21906608658.62692,23540307359.672203,26763167665.308056,27704619523.62737,27298362627.042812,30503757941.60287,34468795427.48424,38494454541.66017,42173180264.474724,46604640100.29,43067966881.48956,43800517929.34719,43908342853.23534,43024620850.86894
Malaysia,MYS,451555293882.9613,462983601080.42535,505953655727.46265,554589779051.7446,620298655207.8186,691998797062.2351,776015742509.0541,880896574214.3386,978657195944.3318,947980431705.7485,1072219524361.7472,1191963931795.4058,1283055380379.1277,1340793665034.3389,1418465413372.7424,1390684900694.9304
Maldives,MDV,3744085355.2635574,4092936141.8220553,4499614034.179987,5312155603.436343,5954801226.308019,5608521857.636391,7378122171.374622,7850194403.5003395,9537720346.136349,9640013894.003466,9922665926.678125,10978010972.531015,11609225136.311502,12829164195.967342,14533016750.344933,16035534231.354994
Mali,MLI,21350400047.563423,23836337205.74966,24244554421.346836,28460623327.17187,30930004913.89457,34224326869.897808,35488649564.279976,39104772051.12784,43827738026.91311,46219364367.96261,49615604025.42056,54773794592.08856,54729919579.76707,58883974910.73017,63989620235.17957,66587740761.597855
Malta,MLT,15598495264.212803,15959291445.333136,16497770226.672148,19115885696.266777,26192362217.040283,32355110100.70862,37514712695.958305,40033353417.42631,45563958544.986275,23069627425.145054,34184431829.6161,27436037560.033283,24111319751.487373,26065521108.527977,29069465381.32357,32333760267.738377
Marshall Islands,MHL,428861632.87033033,459473263.7389097,473677400.2016781,480470191.2700475,498817352.4023728,532254236.7977595,538776957.4469256,567849591.2554702,548862577.5898659,563648251.9207786,589407607.8796494,604303558.5464833,616079727.1618936,662547727.8501763,676722783.8225315,710553997.1623156
Mauritania,MRT,12103838237.943737,11749563920.170782,12323490898.995323,13464497513.142305,14607743306.270254,16501101676.63989,18899613957.13788,20816685850.278263,22858471510.986553,23274473527.541065,25095921350.35628,27447415441.050766,29936131165.17596,32974164743.995415,32487640439.42888,33300426528.763977
Mauritius,MUS,21211470359.930576,21866990239.092937,23656754014.905273,27262313801.19414,30100681044.28415,31583223749.412457,33823920692.204617,39548065818.71504,44479436320.2989,45264491226.96856,34318835642.522427,53772312002.9756,51305288538.70242,59939019087.103935,44241780655.79278,57776131773.42997
Mexico,MEX,2699212397440.253,2868692857356.5386,2941761047589.7974,2995697103546.0044,3203910647786.653,3422339119100.3403,3765175975359.6245,4027674836423.2246,4250661143860.482,3914795167042.5317,4299455195036.835,4676735268655.46,4992314027852.52,5206216739457.976,5427852551760.838,5295314524676.253
"Micronesia, Fed. Sts.",FSM,744917264.3310566,768196298.6850932,775396326.5425216,799405968.4686137,802689317.6075897,841086578.9284152,852507891.3279436,859783385.9268763,859809133.6813046,929597193.9890263,960399928.5391086,1011144886.8233539,1045436796.6018764,1045259248.477806,1046218723.0207995,1128969996.8622863
Moldova,MDA,13860596964.538418,15048716831.45472,16840393466.412647,18829489979.247868,21531769593.34719,24148803658.033318,26466315187.56312,29312963817.4122,34379560252.22794,32324958394.73402,38051163578.2947,42457923189.43872,45823338690.236404,51972424111.2419,52961471578.220764,50974748635.23597
Monaco,MCO,2654577851.2368875,2673838662.6604557,2919771261.017321,3597233994.0913706,4043709773.1141973,4204816422.2116337,4587002428.278388,5876008093.799066,6503179956.647374,5474582718.596196,5367758608.564555,6088905288.978538,5742951666.345936,6555814444.734378,7070251550.535646,6264966210.453224
Mongolia,MNG,12112115646.924479,12780730234.176685,13780537811.641825,15513713198.380125,17860361140.109184,19661825568.98592,23057981285.138874,26707336825.907112,31416682537.824654,30836116521.10255,37753736007.713715,50281494651.19396,65684524137.53019,74288236346.00713,77398759744.17291,76403924757.76393
Montenegro,MNE,5712843444.953784,6516089159.503805,7055857418.3162985,7956246391.363694,9032754273.67484,9670193586.663603,12801351786.533308,16082720817.764574,18825329065.171524,18820527873.63535,21382237630.788425,23679151242.24883,23438922021.560833,25907642511.639374,25689886718.884827,25697010416.46122
Morocco,MAR,219953977965.39563,230978881248.73248,240021474333.5224,268602380862.32474,296484509220.1132,317338642623.4641,351039253807.76794,381918218873.6996,423732032441.80756,440887932787.95337,455908170031.0282,487850425050.5979,493020369863.3231,525484387213.2305,524344777088.7883,541045266552.30176
Mozambique,MOZ,26948439070.656944,25830899199.30456,26722284822.995247,30245640448.736122,34615744635.80643,37578672417.01041,39385145821.78912,44180138941.714035,50005335030.81755,53874378378.744225,57867508681.07426,66432261744.37806,77890004684.96475,91989222370.68018,100820599805.84709,106541775428.19806
Myanmar,MMR,67220788884.038445,70067853117.70686,77079034297.6839,91380692576.38692,104510881412.27151,120684812607.3088,139434148159.24432,164136197706.47156,197466699272.00558,226564639239.94327,266603918614.66437,299096404912.4363,313391687537.69727,335711279477.46967,351889403786.33655,352917827808.77954
Namibia,NAM,17347661635.765152,17000632384.658983,17463652589.41475,20577565536.86928,24869861895.09144,27196983399.600494,30741855957.738297,32702268015.19544,33636053429.223755,34182785799.46163,38128897415.349724,42252615939.30061,45468323643.06425,47204410168.203094,49583741160.706,48614342919.83863
Nauru,NRU,129993198.84319359,119811277.46146344,108944755.29665308,115493520.51549667,125321382.78603798,129605008.48790945,139908755.38591573,113629907.58446492,144562581.3587081,157048459.04782864,173193489.46814978,232851419.2729809,317998024.1404793,348367520.20410854,317674510.1661764,391288707.21186894
Nepal,NPL,46252408055.00599,49348465543.823746,50143416741.565895,53271031339.69764,57940267906.321686,62374419444.92657,67378042073.52321,72763509032.4518,80785004511.6685,85413449571.24321,93402279867.4542,104636523451.30788,114650150496.59236,123102997156.41147,131953570869.71367,136114915380.80399
Netherlands,NLD,1447098710128.8271,1434158707898.272,1475203603892.3325,1667254814356.591,1987463138495.82,2247604060304.9854,2672960257224.461,2968495452406.575,2818991267779.859,2771892588180.2983,2663274853517.714,2983927864301.182,2827255838385.4785,2981680456317.9775,2779597297925.774,2872632467725.7705
New Caledonia,NCL,6239808370.113545,3301319964.998137,3763204895.365366,4950416397.557077,5927496197.120533,6297210316.831894,7060183300.488027,8882673541.970121,9199630212.343502,8855465212.412182,9523377805.984346,10479830217.388714,9831004587.261753,10274360830.251724,10741569476.845222,8825176666.747074
New Zealand,NZL,181196853383.03995,190026878824.32825,211707985032.67264,249704640463.39764,290010981019.1622,319234753996.01874,330407962455.21136,375830897022.67334,374292750143.7159,374182024802.97327,406227288332.5962,446925061272.8108,477978931952.5501,522339998237.3993,553453373579.461,533572087293.46375
Nicaragua,NIC,30366514328.273323,30923961476.385014,31291180592.315712,32757195921.678154,33308526779.30794,35684767479.846375,36798415912.21463,39572126676.742485,43112841001.93394,43435657046.1629,46871458524.08667,51489353251.477066,55313860920.886,58773326081.86566,63776181454.88365,68313754217.99058
Niger,NER,15699318022.617659,16809021964.453005,18173935548.022472,19907206729.363724,21226828377.43351,23942891950.912464,24782948092.163322,27392262025.146667,31352723771.958736,32944914862.192894,36244670863.81803,39520510285.34919,42516076480.492485,44946751940.164024,47740426769.74643,47716059099.171875
Nigeria,NGA,102814391615.21214,108666177988.37473,131969306810.51991,146745781956.22293,181838486091.70892,209554051184.98108,256518090739.19614,298821287309.8679,1255970805755.262,1282438682776.5632,1445291688470.5964,1566621007622.4197,1716003672873.7712,1891724905274.0557,2099999277948.0088,2030220921319.2996
North Macedonia,MKD,21386646810.416183,21187854409.996014,22219752837.01501,24321309186.91521,28269029494.120968,31169601672.659668,34674152386.0323,38180681178.56851,44469008940.50302,46661421349.02203,47403343333.06134,50133286133.76634,50234692887.05219,53317828448.50434,55931663295.016335,55214862477.88031
Northern Mariana Islands,MNP,68475.35310328442,66446.02302576067,1284084717.1874278,1239082857.796762,1210081272.7433856,1061077646.2918676,990075107.8916427,938072909.702991,939071661.0458828,795067888.2628092,799068321.6165599,729066949.5659381,746066892.6653956,772066907.3052329,832067645.7250247,910068722.967094
Norway,NOR,511518102115.68524,520823120846.8299,558978053073.6637,619745852336.9254,720286121783.1948,864191917630.5045,949292355298.9667,1063780512613.4387,1219574293645.9707,1097791976592.6102,1187700482654.0076,1281427565741.873,1378726161786.748,1422145702076.3816,1421978083577.4678,1227220387878.9392
Oman,OMN,128750059901.26007,137041832026.77492,139152094803.59222,143933247811.39185,156772523466.7238,173303162958.47482,197079680424.34476,219263531495.47638,264532629496.29816,260138128818.0876,279338956598.01794,302580766942.93195,342470448712.0232,361627218323.50726,361502385085.2812,322612076958.96643
Pakistan,PAK,594906530710.0175,625583327333.5984,658278163237.5505,718452197937.3727,809144406854.4663,894046554766.6929,980879688434.0413,1064491301913.4495,1134336997877.0828,1158954130783.4028,1200382529050.295,1284345653421.7622,1374517868059.4578,1442724704619.9675,1514336137942.17,1606636475126.4692
Palau,PLW,462590098.47948426,502527749.43712294,522432454.2286479,518617865.8058131,561252145.8451116,625615073.4457264,640589715.8106081,664359551.808387,652880693.3346736,631387099.0631268,629106246.4554683,667295206.2986213,689946385.2022343,705487016.9884527,754120453.7761142,844376799.5656595
Panama,PAN,46893364764.49534,47947141999.26703,50801978238.12119,53149518078.8944,59120580528.043526,65454647087.64433,73781184704.07903,86115268455.2883,98513834734.73218,103347340801.25232,110266796883.98407,131381605121.95401,147542865506.69467,168703023726.0824,184781859829.384,208722932761.38614
Papua New Guinea,PNG,20863556723.27949,19959306517.129204,19816351266.457233,20620640574.92767,22242020984.754955,25634579299.56573,30629432568.307373,35656844154.99728,40840709758.39623,43069511991.9971,53976991787.95627,65806502052.59937,77372930302.46448,86568782715.43597,97196444035.41011,94454418317.32251
Paraguay,PRY,50583127260.61836,51020536857.494194,51405042853.42523,54294241058.68838,60714939312.081436,65905106990.89344,76473259544.04514,90592214544.19237,108617306364.90222,110417553370.2376,128184652279.35788,141746320340.701,142207279899.44467,160518915917.20303,169867148807.6474,166516012759.68637
Peru,PER,263399173237.20306,265852703655.05728,280089252078.3525,297059418234.8972,321416092560.66626,349312452669.8611,384720995188.1709,435640955440.191,500099277475.0031,514511647883.13855,579891161257.527,646431913649.3486,725283479111.464,775312830769.2512,797074646634.6119,790732028723.5457
Philippines,PHL,526771035887.10565,540437617570.7181,562658125340.2042,596045732061.9316,646953040871.7157,700356549478.6862,765129989562.5566,862716235368.1808,945945362403.4702,977676623469.552,1087706101391.3195,1164792998700.9758,1291792570261.797,1393677843858.6936,1489992863173.428,1543091397234.096
Poland,POL,761100833652.6667,798264867894.0529,836376059376.4929,896265223031.9576,995168794831.0353,1113457149011.7986,1244764092815.148,1437190001505.6125,1684319341400.6409,1638826303135.1653,1745671349930.6792,1862562214280.928,1871395895083.187,1917764088063.0537,1996599664775.3887,1980785600193.2727
Portugal,PRT,444080973430.5642,450412963179.4275,465315211680.801,529452674163.3822,590057948063.385,631367574543.439,674685987105.1166,734928232421.2216,780495803604.6456,762044058147.7539,757899093924.6233,780152229102.1489,715590294434.053,746119640338.029,747287924054.9841,709306470169.8013
Puerto Rico,PRI,160571325120.29285,171509740315.82037,175906656909.75574,184444787296.06067,206496971947.5826,213594317182.7477,220021606972.79907,227918262480.87866,232693692416.64246,233796502874.76324,236595339395.52704,242028352942.6645,248197568704.6342,250199720867.81458,248597610357.72037,247756947535.21213
Qatar,QAT,83221756390.35521,91648124447.1303,100739373263.52211,113390699712.6366,139156392275.85104,160911751432.89233,230031023722.7508,297538845452.5546,382412217465.90894,385449821541.44403,464901182422.0214,585897691211.6271,650568872338.6334,710892736954.2485,728016410210.2946,601505962739.7858
Romania,ROU,206069197913.7321,222953159436.33115,242560425641.43286,265819451274.83783,323356318658.9694,380227143495.83307,463119976110.24744,588208002774.875,732671913084.78,696366849064.5974,694188202480.374,748671921352.254,754264466172.3849,765362995661.4277,803695393634.105,793955674500.3447
Russian Federation,RUS,1488207959182.926,1629594220378.4402,1801834210085.2673,2114185852712.7522,2541525257135.5557,3083109116599.118,3933790989919.0015,4769193072412.632,5912020437103.306,5284334490991.239,5860929022578.873,6883365933332.178,7594303821050.143,8207640949585.834,7926450257625.124,6559270490552.296
Rwanda,RWA,10551398116.427097,10984560706.362986,11952487522.527369,12430902269.678255,13699304138.119305,15501074600.50357,16228852668.004452,18760534379.89417,22359134110.709778,24612228217.683918,26939539038.44895,29984944653.095608,32545667293.972176,34559077701.01697,38070175802.52026,41002219665.59828
Samoa,WSM,1182645688.737538,1237316583.2752523,1309636077.2564604,1448876160.5740576,1632737127.7850697,1839331269.442925,1951441209.8238747,2106466413.17512,2302010638.0747495,2390628674.7117867,2657067015.243697,2851151105.133138,2936835091.8160653,3058614950.6866703,3115497323.394522,3234459114.849417
San Marino,SMR,1007726369.3529229,1059596449.4050525,1148941869.4009278,1462671188.9442563,1715428894.9431896,1786604356.4883242,1909859198.7702236,2188756546.9397154,2403321616.4584036,2064373414.124074,1881282815.9522567,1813808480.0402758,1604783369.9893656,1678825792.9332519,1673995829.6692357,1419478169.4270692
Sao Tome and Principe,STP,693359854.0860868,725957796.0133238,776812386.512839,848833184.7774011,917721835.2453026,984540849.0967138,1080589618.706225,942298008.9066491,980335440.2074995,1054097397.327321,1089357555.711323,1208115358.8052185,1158403056.9603853,1310800997.339251,1459297590.0566027,1424036220.4138734
Saudi Arabia,SAU,1163610937575.4956,1184866275994.0684,1204370449268.5813,1338545162735.3074,1536071176255.617,1746538690707.6848,1927036331895.3455,2083000801674.215,2381129108775.718,2292273953389.8677,2533595056538.621,2947197873681.49,3214807785040.7354,3301571687537.4805,3391102490937.629,3086254313517.4478
Senegal,SEN,35549746607.1378,37413740606.09541,38528567742.5192,43532210198.63193,47876936746.59395,52245083466.24394,53214115209.29503,58887679892.8879,65975904535.29869,68316382501.75388,71247171759.71277,75085178129.26794,78856848290.79907,83267544259.16544,89857952214.5395,90284229640.68929
Serbia,SRB,80036596570.33281,89417215326.88208,97877947064.34717,116344663438.33623,130882458468.5237,142958321986.10873,161502124169.5559,192788898383.02408,225074850457.9149,223934293634.4012,219402157621.40356,229212607917.8701,226621518381.63657,239400004085.83905,232994700838.79266,221603194671.53592
Seychelles,SYC,2447398569.6556625,2470167190.7968726,2477881374.147571,2532478231.4885054,2902677100.667958,3298232813.1798253,3728256973.781625,3789934664.736772,3555160504.89972,3324758604.5851173,3551766744.5925274,3864012241.7720156,4401775473.384576,4335406885.34317,4725664388.519173,5036047014.022812
Sierra Leone,SLE,7351424935.332153,8360470843.663289,10635095486.496984,12544763785.341818,12891405797.42082,14254785501.485231,15294609788.83844,15354904560.04047,17496363261.973213,19084464780.666832,20501858807.852985,22407456714.36846,27362004481.797108,34842712088.11602,36492328329.0081,32209538861.61247
Singapore,SGP,373588118245.78503,378757939374.80664,371756264163.1794,393212078263.7467,450120094050.22986,500070291822.75616,586249073933.5464,694485624522.7896,697496641113.3066,725428140302.6351,881963259631.8618,962071135615.8978,1007081142887.5543,1071371054806.5265,1122131351222.19,1096937888217.5935
Sint Maarten (Dutch part),SXM,30306.7912688513,30585.587151956453,31120.294684701305,31514.328429679026,31895.840082819104,32274.07443945525,32639.13726908942,33042.581641579345,33363.54984979983,2035610545.4285796,2124137561.8310957,3270137264.2490435,3241871305.6979423,3387673730.1493917,4108686403.6938787,4341912440.533435
Slovak Republic,SVK,120252345198.31598,128184878833.66083,139179432415.5581,157059156177.76935,184535199457.36493,211758557963.6298,239698689113.14453,279538000419.12744,319854481376.1279,307948363981.2258,321546355011.55023,334361889265.07715,333585357284.8077,350078229988.724,357124229046.00726,346199518233.2398
Slovenia,SVN,78391626624.61829,80368696941.80687,85386358184.8931,97024519096.00554,110710459119.0796,120995719315.80559,131052150354.43953,148702606124.4453,165326507272.27374,155899045873.1823,154801596122.6269,160347502450.58707,152377523503.08127,157033949846.44736,161744449871.143,152470671046.54276
Solomon Islands,SLB,1631972521.0739064,1592545231.5761437,1494524298.5576124,1670600097.5453396,1848891599.269895,2074980685.9334404,2250126047.900031,2419074032.804812,2603070397.624479,2749661317.536875,3152555570.7620583,3513118540.7438836,3774044577.415307,4208246420.7716866,4307807205.002659,4339962127.44697
Somalia,SOM,13201484625.22848,12077216087.708696,12244181023.662302,13516676248.702883,15700510166.519648,18008742022.712086,19867934350.763905,21599742307.573963,23252710162.30613,19650383646.9873,19103777187.47478,19692608930.16457,23280230180.231743,24435568361.847134,29029858542.066967,33443036275.350536
South Africa,ZAF,706844063622.5725,693484209504.5499,715327193376.18,824489769300.3425,967683487582.15,1112357349604.4915,1227902384768.7112,1326469809921.558,1343323169723.7073,1366677358245.3796,1534962114925.5,1667621447618.663,1709686062297.6013,1697106311097.868,1665472449604.5986,1589536853169.3916
South Sudan,SSD,6106884.466870388,6386627.522775831,6680024.239494054,6995437.072890485,7343567.196505897,7723341.0770875495,8130812.562254651,8556445.703307403,14595238725.232494,12240649010.963762,14612119814.351128,38878102136.118324,35204711052.66672,50717157253.64235,40339886940.57732,35074537497.851204
Spain,ESP,2167265415085.678,2221149354309.966,2388121482076.4917,2752639506886.5903,3194034200474.3633,3519201213619.4453,3941181997099.1494,4401501891854.881,4678116545710.323,4479983416095.053,4407607754683.92,4446713821279.823,4183882766290.301,4261040135965.934,4335722408495.565,4208527881941.204
Sri Lanka,LKA,125019537565.85605,124155870472.0473,131414084187.3251,143956887125.36404,157043835354.8842,173319145018.5205,193204211355.65823,216152444380.05634,241192293249.1997,258123550002.4543,300290146542.02136,342465041609.64075,390909926700.7739,418275325977.9901,443167668643.691,462636227411.461
St. Kitts and Nevis,KNA,1471922440.5986311,1574718560.4730706,1616263966.1306098,1580820082.6719637,1734725347.9285038,1949769962.6493587,2156569010.6871467,2272703143.1140966,2618032510.6677294,2575932736.5669236,2605819275.498148,2747667965.707969,2714044309.3053985,2909752133.977399,3043849758.9295983,3033253541.0359116
St. Lucia,LCA,3416051096.8499746,3384897694.938504,3446730001.5711255,3734486515.4220753,4076601641.8855085,4344096410.545105,4734763948.718813,5042058546.811157,5741977273.663005,5321821230.0167675,5591592004.578741,5858741791.463772,5846265151.157709,6207530344.382105,6203715322.110988,6260561242.670507
St. Martin (French part),MAF,30367.316967158175,31050.253804839445,31837.754160702687,32615.000039504142,33378.23219103264,34121.60546319439,34828.553794704574,35472.67519944267,36050.20010170594,36528.01954629037,36606.008137402576,775933671.1585878,36978.2458647116,37145.55792656463,772979802.2398822,36901.38847737434
St. Vincent and the Grenadines,VCT,1716494298.5358384,1816724415.1783433,1913017032.9545228,2063555940.2144833,2227076712.1536274,2368538195.1910186,2590842730.9382024,2746926335.080931,2854929530.891851,2872643819.4295564,2865346582.729173,2888784854.41287,2955770427.778556,3093550267.4052134,3121944476.015049,3210928477.9624834
Sudan,SDN,123825076575.59908,136534932493.56161,148805593538.44003,165588451340.25964,184793336849.6549,209458041522.2793,239536272511.32202,278919134257.03937,302259755460.40405,289262968566.0871,296720338518.9473,286113115447.7804,230666384767.2113,237469566775.39175,277659291238.0377,285926063500.31665
Suriname,SUR,5331567853.1611595,5084163131.354381,5911631721.3075485,6569839537.916345,7548812216.652528,8567271269.304342,10223913960.330591,11642073592.21042,13350641612.652454,14267469611.535734,15401948642.077068,16025986432.271107,17829337004.39462,19030769396.55131,19585595754.131012,22207229044.3766
Sweden,SWE,847143520022.7205,788827045230.9742,821945343460.5741,939458236473.6362,1076178879299.913,1156327385098.4917,1242006399390.685,1409069455745.8657,1461020980968.8313,1330642664078.7195,1431139433300.2122,1557507663454.457,1569193770970.8757,1657349724401.8342,1636447193650.3845,1567343881517.9236
Switzerland,CHE,933000413949.1619,899178582428.8391,911703495484.1593,1033761235546.607,1166519206439.6335,1283669138093.932,1398191911066.6365,1441722242821.4531,1493873408362.1428,1587437826094.2131,1758032885959.105,1883951534566.4285,1941300213062.5364,1983784548702.2703,2006155130549.6697,2111475338076.0444
Syrian Arab Republic,SYR,33813914365.966248,37016097766.67856,39285551335.47159,42500026196.19978,48672542559.0962,54994209075.86054,63795721653.29063,75595123129.57234,100324165385.76215,109564607152.11166,122970761068.23276,131945125868.62672,93039704817.9387,53588855345.99269,47746688699.00794,38300324282.29217
Tajikistan,TJK,9313419786.96983,10234499154.567307,11525819888.598608,13140235209.658615,15394991529.672537,19419275619.44928,22882092208.073135,27288159605.42941,33269888132.66068,33099828215.688244,37984161572.29033,43005128976.05314,49022605046.2042,55794644877.985916,58599344169.167015,54710282311.001884
Tanzania,TZA,72202035723.99634,74755437894.6946,81142257157.83228,87109267148.76271,96787967041.25562,105502819355.83287,109567035030.794,120663153988.38152,136545270723.2489,148167817515.22247,160768406779.52008,176073119279.74393,183551942881.2855,203231599827.78812,221276302867.65994,230077716342.74258
Thailand,THA,781069673287.4778,785072256902.4766,829989557195.6826,901198440778.6311,993705367497.3353,1072439006003.5197,1189122017552.267,1320907210311.904,1410321618499.6443,1435069826461.104,1617242574046.7856,1723697123562.5903,1909074824403.0564,1974476563230.4539,1981381119098.185,1981853322602.5044
Timor-Leste,TLS,2411095287.527864,2799072405.315387,3181976371.187727,2802133331.6208105,3179604569.9617033,3871140696.592948,5642700020.792969,7984088469.710858,12508242255.622248,9974044752.167034,12124427740.491959,15348372620.529745,15479506775.77034,14051332590.190853,12574802918.104277,11075061967.354202
Togo,TGO,12399121509.522343,12505756117.89449,13534679972.91308,15319233132.345577,16141299503.402863,16056480821.43395,16881942816.038416,17818504137.531036,19419901478.760075,20835534764.620857,21455502999.370598,24615114243.685566,24023805163.791924,25701463872.55603,27840753987.940434,28465796977.297947
Tonga,TON,895204454.0125352,872217071.2220787,920282150.9440732,947966069.8264614,999750572.8170804,1058999273.7074105,1138701592.2033844,1164834505.8946016,1292953143.20172,1251191540.1709423,1374931567.7613735,1542981584.1408107,1670813620.7055159,1686773547.407243,1681757021.8990211,1670409205.7628257
Trinidad and Tobago,TTO,32017515579.624714,35117053873.29679,38108822154.65947,45473090126.99747,52799258666.32315,59782439519.496506,69739601414.63007,77810761084.52342,89910931220.18765,77297114479.81326,82602424203.21887,82399526886.40436,91169935373.46721,96600901989.48318,98818357196.57419,95617259148.6546
Tunisia,TUN,113699506022.48482,119404823272.15373,124428283686.23454,138866446618.95786,154922739385.30734,161471773840.0075,173621704494.63977,190209070071.30328,206304790867.2418,213192228376.24283,222054323414.01294,223725775848.61368,231750189162.3565,236706230805.46155,245713996602.49622,240831631493.0608
Turkiye,TUR,1265089466538.1099,1125907937958.2751,1206751169343.5828,1354148076159.9475,1654235004824.4375,1955693596142.4512,2252873130123.6494,2608645876206.667,2889889403533.3804,2724234203173.267,3112344164628.8716,3434769521599.431,3670411654320.0166,4009665046887.4854,4180162047890.776,4214854894152.2417
Turkmenistan,TKM,26817493614.31063,28886351177.55561,30543938005.62658,34296926553.315998,38217133901.63652,42654272367.705246,50152284667.660706,60002212964.1173,75117480263.39897,81163595516.3988,90707472581.6999,110780522728.10147,129052622495.19536,145972374461.48984,159243826370.07925,156362332824.21503
Turks and Caicos Islands,TCA,21041.65838266,358785032.46107304,366748743.0085479,409796568.638835,485645551.24143726,578696535.7096382,721947546.0035546,773548120.5910208,862744632.7003456,703231357.5337801,686842792.5280223,728846164.5176244,727218308.561991,754296688.7699084,2436334625.687959,2703602015.4885635
Tuvalu,TUV,75753625.81749217,86892219.36199205,108072354.42680456,85629051.9238966,101564096.06800735,106462100.66011411,110154647.22710694,131249924.45802504,136768267.04986203,136007640.37495002,131472007.31980412,143379713.87784594,135607320.80568442,156906132.71605682,141872749.0093359,163954343.56772792
Uganda,UGA,43195356125.030136,44502819727.41557,48498247068.671425,52366285796.50799,58027836329.185036,63675934920.897934,68611183757.548164,77805138788.64534,88657270475.4834,108022514106.47765,118607589886.66803,134619492854.5627,128325942307.57326,137273186378.02765,147759302114.7574,154637483411.466
Ukraine,UKR,276175057999.6716,317919557173.2434,342703646186.60657,390192579289.54395,465087995592.2705,521920401699.2302,614802665034.1654,751666852987.1517,851328220942.0065,710594122952.8887,784314334124.863,853156277094.6396,921389234028.2185,1015088799647.9617,869937334840.4965,779406197178.2794
United Arab Emirates,ARE,537784083563.8162,556116461996.8539,564857801831.848,628622972486.9868,728748550635.8411,828349462819.713,978871782943.4268,1092175631204.5353,1207575687503.1763,1098068247688.9777,1165688261729.4124,1304613796523.1738,1395488988900.553,1468984850461.139,1533039097998.5488,1412417937258.594
United Kingdom,GBR,5262409301146.327,5112838356963.489,5392996943539.665,5896586802332.116,6766758603091.034,7289612840271.241,7695437605829.61,8536939081813.181,8528750249821.782,7281533393220.177,7462144932529.562,7719046548409.106,7811321947324.669,8102613717224.477,8461368762046.447,8476266269033.441
United States,USA,31005114821717.312,31977822381429.016,32939818799497.383,34769597768722.312,37702170887696.93,39961895495419.07,42500779160909.64,44226945088561.52,44828559343795.63,43975256119831.05,45849793024604.52,47736028328934.03,49862001709900.67,51492586579237.44,53762514996130.516,55390368089986.695
Uruguay,URY,81872105861.69658,77536358871.80197,63778701225.18565,58596112060.72319,62322691454.832405,72305600390.50165,80138459235.18355,91790285287.69621,107648119202.02283,115686833482.91956,135251083444.87605,154486389008.12283,166277088363.14264,180183845672.41257,189888235682.30734,188663801863.34232
Uzbekistan,UZB,98732749117.86436,99137745697.3014,99017359061.87619,103825255232.4248,115246424601.90147,128061503607.88846,143229088416.21368,171354489589.47968,201105753530.8649,220532702358.7799,257261676387.1797,294343379160.8009,323515666980.09326,351423144040.4261,376161749212.4942,398232427389.18616
Vanuatu,VUT,1057048567.1156687,1056086956.760433,1037729316.763557,1147121665.7012804,1269084251.0549805,1322531550.8172247,1495625295.7259047,1650099973.2912664,1905720800.4379914,1942251811.6301641,2098073829.1220214,2302161681.1446595,2304475771.8406324,2411426553.5255632,2539441482.882537,2538033505.2344437
"Venezuela, RB",VEN,498330484871.92615,532142105795.373,464112760366.56714,428532147125.8826,527807320142.37524,634124770157.6118,757502585921.7281,901280093869.5392,1068780587018.0305,1097511193400.4607,1202686086062.456,1156629929337.616,758583848718.7938,728977217819.8599,880044453518.1093,2722876368.1745195
Viet Nam,VNM,273708833873.01434,294277564336.1815,315961044609.7339,347885613615.5197,388004064430.3314,440423345079.79364,488697774317.1139,547045638680.96136,613876959952.1562,658992683025.6998,769387183200.6887,869720718305.0558,988526995504.2443,1072003021855.7816,1171838402672.4248,1226640165921.8418
Virgin Islands (U.S.),VIR,108573.73908921635,108437.12216633659,3262138811.250322,3443140541.393698,3797143737.8486257,4428149896.73251,4484150136.882695,4784152848.6483,4244148118.364891,4201147671.5962806,4324148267.100438,4223147273.773003,4089145456.546663,3738142102.6634583,3565140445.3994265,3663140035.426393
West Bank and Gaza,PSE,18117652320.274796,16581135906.610245,14669660814.881308,16610244632.772778,20112453626.64482,23015972034.14225,23602372880.96845,25410142350.574234,29146911261.439766,31953628235.70124,35792619660.292305,40743052438.93961,47197934192.93461,51010398217.214966,53914975902.94954,57406286139.122826
"Yemen, Rep.",YEM,69681826749.677,74638933138.8318,78940773332.7591,83457064769.78087,90419810084.39583,100613429334.44498,112173592752.86005,122265709396.77286,134255960645.79729,141452749258.73825,156370742384.56192,144954032654.56644,155842637958.3845,173194839351.90234,89222023638.1212,82098605977.79997
Zambia,ZMB,29308688473.079456,31708530679.002155,33728957355.167683,37174103942.80712,41114430806.99078,44435491303.6182,50093289861.462234,56759218204.945015,68711803103.66224,73983235235.76025,84398022847.22324,92950321881.82877,104281394346.71364,112851175482.62892,117181801037.00375,112258234193.59229
Zimbabwe,ZWE,35459107594.52347,37127338116.08866,35852194177.757545,32647873432.90545,31382898834.774803,30591144732.9381,29420004776.920925,28496162216.38313,21676612717.307896,38565777342.43382,48514262717.53689,57961159884.715355,68845453479.31136,75074576178.75183,76896452454.99377,80579686453.46968
